{"Scotland": 1749.1785532258573, "England": 1944.6297295184218, "Wales": 1660.352662426688, "Northern Ireland": 1489.2138756820436, "United States": 1781.3145931058152, "Canada": 1767.6746501985265, "Uruguay": 1757.6423771494522, "Argentina": 1906.1213157187785, "Austria": 1687.3189115552734, "Hungary": 1647.3221708210806, "Czechoslovakia": 1621.9643243669593, "Belgium": 1760.5417299407227, "France": 1944.656960686794, "Switzerland": 1773.9629933181443, "Guernsey": 1615.1330580639737, "Alderney": 1304.4276897207226, "Jersey": 1692.0988967472388, "Netherlands": 1837.4552186184826, "Guyana": 1497.5912299448214, "Trinidad and Tobago": 1555.5543194548775, "South Africa": 1629.2718291675706, "Germany": 1853.2213389750746, "Sweden": 1626.4077498708493, "Norway": 1839.8976835477717, "Denmark": 1735.8923619775214, "Italy": 1754.8505027369804, "Chile": 1568.0933704118881, "Russia": 1723.2671168318343, "Finland": 1439.6892206687933, "Luxembourg": 1300.7610752045691, "Catalonia": 1508.2169245487792, "Philippines": 1405.696664456187, "China": 1566.2495524062206, "Brazil": 1800.5865983029119, "Basque Country": 1528.0592742728302, "Japan": 1904.2257696117176, "Paraguay": 1785.5131258270874, "Romania": 1541.1968857723355, "Greece": 1653.2139657098207, "Yugoslavia": 1673.8368408154229, "Spain": 2041.984790836128, "Egypt": 1756.4390899676205, "Estonia": 1292.1035817715515, "Suriname": 1599.2799432157756, "Provence": 1480.9856816993877, "Costa Rica": 1701.8625734756254, "El Salvador": 1488.9560764211883, "Guatemala": 1661.0387118510725, "Portugal": 1832.677504900064, "Poland": 1644.008371725435, "Brittany": 1502.1803758812625, "New Zealand": 1770.9070002517765, "Australia": 1895.9487236615369, "Latvia": 1260.9147417007314, "Galicia": 1501.0138772136395, "Central Spain": 1500.0020669533415, "Mexico": 1832.9246146380763, "Andalusia": 1504.9348208245488, "Asturias": 1500.6020705289757, "Lithuania": 1211.793166311896, "Turkey": 1864.7053798678214, "Aruba": 1309.2366604646472, "Cura\u00e7ao": 1670.259915757533, "Bulgaria": 1445.2587071308046, "Republic of Ireland": 1644.9415573508065, "Haiti": 1703.472042489901, "Jamaica": 1655.279442955975, "Kenya": 1452.1851066076358, "Uganda": 1569.935773216482, "Bolivia": 1649.6635466230437, "Peru": 1575.1314881583442, "Honduras": 1653.2041575586218, "Belarus": 1423.9100623999989, "Ukraine": 1639.293225982128, "Barbados": 1259.0203457084212, "Nicaragua": 1539.2383685764541, "Cuba": 1448.2337231624713, "Martinique": 1508.2248362299374, "Dominica": 1283.1246398953826, "Silesia": 1500.2248080968056, "Guadeloupe": 1551.855523219525, "Israel": 1514.9037757349054, "Indonesia": 1554.4336328817483, "French Guiana": 1452.7475418632027, "Saint Lucia": 1372.4080499909835, "Colombia": 1798.6210435288233, "Panama": 1801.3687596997765, "Venezuela": 1626.2496430282406, "Ecuador": 1851.7136535478614, "Saint Kitts and Nevis": 1368.6343324582415, "Grenada": 1414.5015065360005, "India": 1270.6848684038252, "Slovakia": 1591.6205426377294, "Manchukuo": 1498.0851951572652, "Croatia": 1823.392751096473, "Lebanon": 1484.2711721301027, "Puerto Rico": 1491.557231279886, "Afghanistan": 1279.0992470041658, "Iran": 1856.8503358861944, "Mongolia": 1176.3572154617655, "Tanzania": 1404.1407497172206, "Zimbabwe": 1369.4441804432854, "Zambia": 1483.0721379650324, "Iceland": 1477.9389473921815, "Albania": 1573.422974497377, "Montenegro": 1379.4841092317101, "Madagascar": 1526.203847213674, "Mauritius": 1296.3804541168931, "R\u00e9union": 1522.0932431916935, "Zanzibar": 1478.2191649346564, "Djibouti": 1158.5507245754252, "Ethiopia": 1406.9511239493481, "DR Congo": 1756.7410706528974, "South Korea": 1861.9193203592858, "Vietnam": 1499.0024658985049, "Macau": 1099.2772413981172, "Dominican Republic": 1498.523498319424, "Cyprus": 1302.7713268659556, "Sierra Leone": 1495.5453007138467, "Nigeria": 1770.604668976602, "Syria": 1597.155725039907, "Serbia": 1630.9811111340066, "Taiwan": 1089.8849106927994, "Ghana": 1676.3601907476293, "Myanmar": 1279.199245077525, "New Caledonia": 1563.3342624579493, "Vanuatu": 1457.5957300299583, "Fiji": 1499.7614894880799, "Pakistan": 1199.1981632909503, "Sri Lanka": 1195.9059568312416, "German DR": 1575.3461530314976, "Tahiti": 1518.340896925752, "Gambia": 1488.9194902665379, "Hong Kong": 1369.1472631856172, "Singapore": 1420.1166559848766, "Malaysia": 1558.785352963874, "Guinea-Bissau": 1393.7724550835485, "Saarland": 1489.300028616251, "Burundi": 1349.4484817993218, "Cameroon": 1657.0379902327118, "Kernow": 1516.5307311793995, "Cambodia": 1193.3729176264615, "Thailand": 1560.1098209151282, "Vietnam Republic": 1450.3283803662955, "Kyrgyzstan": 1555.6071513914972, "Moldova": 1241.461863312721, "North Vietnam": 1496.6010389056903, "Togo": 1452.1304052163753, "North Korea": 1465.5410175265254, "Sudan": 1457.83591880907, "Malta": 1273.5068609290336, "Tunisia": 1755.4347555254296, "Libya": 1546.718997250832, "Malawi": 1421.2486722285005, "Morocco": 1919.8396622285445, "Benin": 1563.9720006122936, "Cape Verde": 1682.1840871600841, "Ivory Coast": 1759.713238837535, "Burkina Faso": 1676.8846449350383, "Gabon": 1606.6053408779142, "Congo": 1347.2327325576705, "Mali": 1643.9757705964225, "Central African Republic": 1347.3476175892285, "Iraq": 1792.3734546279281, "Saint Vincent and the Grenadines": 1355.04876982142, "Senegal": 1827.2155536411074, "Laos": 1153.4582764822871, "Chad": 1212.9430223959, "Niger": 1551.845029063763, "Mauritania": 1417.723535634607, "Liberia": 1482.8441713869001, "Guinea": 1521.7834838056579, "Algeria": 1793.6209441843876, "Kuwait": 1503.4585593274433, "Jordan": 1769.0427531593286, "Papua New Guinea": 1476.7668497115721, "Solomon Islands": 1459.702466437163, "Somalia": 1195.5486635835884, "Saudi Arabia": 1733.176981693483, "Bermuda": 1391.5915507401594, "Palestine": 1619.6853404349956, "Yemen": 1391.867813927677, "Bahrain": 1525.0419407376519, "Oman": 1616.21944473319, "Wallis Islands and Futuna": 1462.3263117819026, "Corsica": 1505.5783356920977, "Western Australia": 1478.6358897339933, "Eswatini": 1298.5912114628381, "Botswana": 1401.9872560209594, "Qatar": 1705.0933106084522, "Lesotho": 1435.143929432228, "Bahamas": 1151.9286341622917, "Brunei": 1202.3333971679992, "Cook Islands": 1288.5972107151017, "Yemen DPR": 1449.1548542084095, "United Arab Emirates": 1668.929515946627, "Faroe Islands": 1383.3511206995106, "Nepal": 1158.1316206930903, "Antigua and Barbuda": 1267.937896935489, "Bangladesh": 1265.9781532161155, "Seychelles": 1078.8647411751465, "Equatorial Guinea": 1465.6270739624035, "Mozambique": 1519.7891076055562, "Guam": 1082.612651053815, "Angola": 1515.7233660524973, "S\u00e3o Tom\u00e9 and Pr\u00edncipe": 1233.9128480353377, "Rwanda": 1426.0512447533367, "Northern Cyprus": 1565.0060556672565, "Armenia": 1362.2617485906965, "Georgia": 1520.7302572863264, "Azerbaijan": 1300.4106163306294, "Kazakhstan": 1449.2948364416538, "Comoros": 1434.0557725922338, "Maldives": 1123.3183761429204, "Tonga": 1333.3340324364312, "Tuvalu": 1393.805598222228, "Kiribati": 1470.582052392057, "Samoa": 1391.0120696094325, "Greenland": 1473.4483553428715, "Liechtenstein": 945.075039175897, "Bhutan": 1151.3647493434817, "South Yemen": 1493.7143826642641, "Niue": 1494.4754966812682, "American Samoa": 1248.5717368313954, "Belize": 1313.4491088124507, "Cayman Islands": 1244.839927064706, "Anguilla": 1123.8195562360556, "British Virgin Islands": 1163.676853292314, "Palau": 1498.6457493699036, "Sint Maarten": 1414.0131711204094, "Namibia": 1428.781854619339, "Ynys M\u00f4n": 1625.0517805681984, "Shetland": 1494.8622761242523, "\u00c5land Islands": 1473.9071403614719, "Saint Martin": 1402.9629141669393, "San Marino": 891.2803765878435, "Montserrat": 1379.0229141296936, "Slovenia": 1586.806966675311, "Isle of Wight": 1558.2341649190014, "Turkmenistan": 1430.9049109674056, "Tajikistan": 1518.7346548640512, "Uzbekistan": 1848.5404941016498, "Eritrea": 1320.2836773408726, "Gibraltar": 1000.9314567187956, "Isle of Man": 1578.4088913510104,